Workbook
Name Slicer_Program: #N/A

Sheet Dashboard
A1: Tuition & AR Aging Dashboard | C1: Prepared by: Sokova Elza | Summer 2026 | Portfolio Project
A2: ="As of " & TEXT('AR Ledger'!O3,"mm/dd/yyyy") -> As of 07/13/2026
A4: Total Charges | C4: Total Collected | E4: Outstanding AR | G4: Open Accounts | I4: Collection Rate
A5: =SUM('AR Ledger'!H2:H281) -> 1210037 | C5: =SUM('AR Ledger'!I2:I281) -> 691203.69 | E5: =SUM('AR Ledger'!J2:J281) -> 521833.31 | G5: =COUNTIF('AR Ledger'!J2:J281,">0") -> 183 | I5: =IFERROR(SUM('AR Ledger'!I2:I281)/SUM('AR Ledger'!H2:H281),0) -> 0.57122525
A8: AR Aging Summary | F8: Payment Plan Status
A9: Aging Bucket | B9: # Accounts | C9: Outstanding Balance | D9: % of Total Outstanding AR | F9: Status | G9: # Accounts | H9: Outstanding Balance
A10: 1-30 Days | B10: =COUNTIF('AR Ledger'!M2:M281,"1-30 Days") -> 10 | C10: =SUMIF('AR Ledger'!M2:M281,"1-30 Days",'AR Ledger'!J2:J281) -> 16868 | D10: =IFERROR(C10/$E$5,0) -> 0.032324498 | F10: On Plan | G10: =COUNTIF('AR Ledger'!N2:N281,"On Plan") -> 96 | H10: =SUMIF('AR Ledger'!N2:N281,"On Plan",'AR Ledger'!J2:J281) -> 254268.06
A11: 31-60 Days | B11: =COUNTIF('AR Ledger'!M2:M281,"31-60 Days") -> 18 | C11: =SUMIF('AR Ledger'!M2:M281,"31-60 Days",'AR Ledger'!J2:J281) -> 83026.12 | D11: =IFERROR(C11/$E$5,0) -> 0.15910468 | F11: Not on Plan | G11: =COUNTIF('AR Ledger'!N2:N281,"Not on Plan") -> 166 | H11: =SUMIF('AR Ledger'!N2:N281,"Not on Plan",'AR Ledger'!J2:J281) -> 213677.83
A12: 61-90 Days | B12: =COUNTIF('AR Ledger'!M2:M281,"61-90 Days") -> 155 | C12: =SUMIF('AR Ledger'!M2:M281,"61-90 Days",'AR Ledger'!J2:J281) -> 421939.19 | D12: =IFERROR(C12/$E$5,0) -> 0.80857083 | F12: Defaulted | G12: =COUNTIF('AR Ledger'!N2:N281,"Defaulted") -> 18 | H12: =SUMIF('AR Ledger'!N2:N281,"Defaulted",'AR Ledger'!J2:J281) -> 53887.42
A13: 90+ Days | B13: =COUNTIF('AR Ledger'!M2:M281,"90+ Days") -> 0 | C13: =SUMIF('AR Ledger'!M2:M281,"90+ Days",'AR Ledger'!J2:J281) -> 0 | D13: =IFERROR(C13/$E$5,0) -> 0
A14: Total (excl. Paid) | B14: =SUM(B10:B13) -> 183 | C14: =SUM(C10:C13) -> 521833.31 | D14: =SUM(D10:D13) -> 1
A18: Outstanding AR by Program
A19: Program | B19: # Open Accounts | C19: Outstanding Balance
A20: Business Administration | B20: =COUNTIFS('AR Ledger'!C2:C281,"Business Administration",'AR Ledger'!J2:J281,">0") -> 42 | C20: =SUMIFS('AR Ledger'!J2:J281,'AR Ledger'!C2:C281,"Business Administration",'AR Ledger'!J2:J281,">0") -> 104871.06
A21: Nursing | B21: =COUNTIFS('AR Ledger'!C2:C281,"Nursing",'AR Ledger'!J2:J281,">0") -> 34 | C21: =SUMIFS('AR Ledger'!J2:J281,'AR Ledger'!C2:C281,"Nursing",'AR Ledger'!J2:J281,">0") -> 118055.97
A22: Information Technology | B22: =COUNTIFS('AR Ledger'!C2:C281,"Information Technology",'AR Ledger'!J2:J281,">0") -> 38 | C22: =SUMIFS('AR Ledger'!J2:J281,'AR Ledger'!C2:C281,"Information Technology",'AR Ledger'!J2:J281,">0") -> 113814.88
A23: Criminal Justice | B23: =COUNTIFS('AR Ledger'!C2:C281,"Criminal Justice",'AR Ledger'!J2:J281,">0") -> 42 | C23: =SUMIFS('AR Ledger'!J2:J281,'AR Ledger'!C2:C281,"Criminal Justice",'AR Ledger'!J2:J281,">0") -> 118035.98
A24: Liberal Arts | B24: =COUNTIFS('AR Ledger'!C2:C281,"Liberal Arts",'AR Ledger'!J2:J281,">0") -> 27 | C24: =SUMIFS('AR Ledger'!J2:J281,'AR Ledger'!C2:C281,"Liberal Arts",'AR Ledger'!J2:J281,">0") -> 67055.42
A31: © 2026 Sokova Elza | Synthetic data | Portfolio use only

Sheet Data Dictionary
A1: Column | B1: Description | C1: Example
A2: StudentID | B2: Unique student identifier | C2: STU1042
A3: StudentName | B3: Student full name (synthetic) | C3: Emily Johnson
A4: Program | B4: Academic program | C4: Nursing
A5: Term | B5: Billing term | C5: Spring 2026
A6: CohortYear | B6: Expected graduation cohort | C6: 2024
A7: InvoiceDate | B7: Date tuition/fees were billed | C7: 46037
A8: DueDate | B8: Payment due date (Invoice + 30 days) | C8: 46067
A9: DueToDate_Amount | B9: Scheduled amount due to date (tuition + fees) | C9: 4580
A10: PaymentsApplied | B10: Payments received to date | C10: 2200
A11: Balance | B11: Outstanding balance (Charge - Payments) | C11: 2380
A12: OldestPastDueDate | B12: Date of the first missed payment / first unpaid due date | C12: 46147
A13: DaysPastDue | B13: Days since due date if balance > 0 | C13: 45
A14: AgingBucket | B14: AR aging category | C14: 31-60 Days
A15: PaymentPlanStatus | B15: Installment plan status | C15: On Plan
A29: © 2026 Sokova Elza | Synthetic data | Portfolio use only

Sheet AR Ledger
A1: StudentID | B1: StudentName | C1: Program | D1: Term | E1: CohortYear | F1: InvoiceDate | G1: DueDate | H1: DueToDate_Amount | I1: PaymentsApplied | J1: Balance | K1: OldestPastDueDate | L1: DaysPastDue | M1: AgingBucket | N1: PaymentPlanStatus
A2: STU1177 | B2: David Jackson | C2: Nursing | D2: Summer 2026 | E2: 2026 | F2: 46054 | G2: 46210 | H2: 5298 | I2: 84.9 | J2: =H2-I2 -> 5213.1 | K2: 46177 | L2: =IF(J2<=0,0,MAX(0,$O$3-K2)) -> 39 | M2: =IF(J2<=0,"Paid",IF(L2=0,"Current",IF(L2<=30,"1-30 Days",IF(L2<=60,"31-60 Days",IF(L2<=90,"61-90 Days","90+ Days"))))) -> 31-60 Days | N2: Not on Plan | O2: AsOfDate
A3: STU1017 | B3: Rachel Martin | C3: Nursing | D3: Summer 2026 | E3: 2026 | F3: 45906 | G3: 46210 | H3: 4975 | I3: 136.14 | J3: =H3-I3 -> 4838.86 | K3: 46177 | L3: =IF(J3<=0,0,MAX(0,$O$3-K3)) -> 39 | M3: =IF(J3<=0,"Paid",IF(L3=0,"Current",IF(L3<=30,"1-30 Days",IF(L3<=60,"31-60 Days",IF(L3<=90,"61-90 Days","90+ Days"))))) -> 31-60 Days | N3: Defaulted | O3: 46216
A4: STU1050 | B4: James Anderson | C4: Nursing | D4: Summer 2026 | E4: 2026 | F4: 45909 | G4: 46210 | H4: 5075 | I4: 257.35 | J4: =H4-I4 -> 4817.65 | K4: 46177 | L4: =IF(J4<=0,0,MAX(0,$O$3-K4)) -> 39 | M4: =IF(J4<=0,"Paid",IF(L4=0,"Current",IF(L4<=30,"1-30 Days",IF(L4<=60,"31-60 Days",IF(L4<=90,"61-90 Days","90+ Days"))))) -> 31-60 Days | N4: On Plan
A5: STU1171 | B5: Andrew Garcia | C5: Nursing | D5: Summer 2026 | E5: 2026 | F5: 46042 | G5: 46210 | H5: 4828 | I5: 62.25 | J5: =H5-I5 -> 4765.75 | K5: 46177 | L5: =IF(J5<=0,0,MAX(0,$O$3-K5)) -> 39 | M5: =IF(J5<=0,"Paid",IF(L5=0,"Current",IF(L5<=30,"1-30 Days",IF(L5<=60,"31-60 Days",IF(L5<=90,"61-90 Days","90+ Days"))))) -> 31-60 Days | N5: Defaulted
A6: STU1009 | B6: Elizabeth Williams | C6: Nursing | D6: Summer 2026 | E6: 2026 | F6: 46043 | G6: 46210 | H6: 4765 | I6: 17.48 | J6: =H6-I6 -> 4747.52 | K6: 46177 | L6: =IF(J6<=0,0,MAX(0,$O$3-K6)) -> 39 | M6: =IF(J6<=0,"Paid",IF(L6=0,"Current",IF(L6<=30,"1-30 Days",IF(L6<=60,"31-60 Days",IF(L6<=90,"61-90 Days","90+ Days"))))) -> 31-60 Days | N6: On Plan
A7: STU1185 | B7: Justin Thomas | C7: Nursing | D7: Summer 2026 | E7: 2026 | F7: 46175 | G7: 46210 | H7: 4947 | I7: 274.71 | J7: =H7-I7 -> 4672.29 | K7: 46177 | L7: =IF(J7<=0,0,MAX(0,$O$3-K7)) -> 39 | M7: =IF(J7<=0,"Paid",IF(L7=0,"Current",IF(L7<=30,"1-30 Days",IF(L7<=60,"31-60 Days",IF(L7<=90,"61-90 Days","90+ Days"))))) -> 31-60 Days | N7: Not on Plan
A8: STU1199 | B8: Lauren Walker | C8: Nursing | D8: Summer 2026 | E8: 2026 | F8: 46038 | G8: 46210 | H8: 5286 | I8: 639.33 | J8: =H8-I8 -> 4646.67 | K8: 46177 | L8: =IF(J8<=0,0,MAX(0,$O$3-K8)) -> 39 | M8: =IF(J8<=0,"Paid",IF(L8=0,"Current",IF(L8<=30,"1-30 Days",IF(L8<=60,"31-60 Days",IF(L8<=90,"61-90 Days","90+ Days"))))) -> 31-60 Days | N8: On Plan
A9: STU1080 | B9: Eric Harris | C9: Nursing | D9: Summer 2026 | E9: 2026 | F9: 46038 | G9: 46210 | H9: 4653 | I9: 56.62 | J9: =H9-I9 -> 4596.38 | K9: 46177 | L9: =IF(J9<=0,0,MAX(0,$O$3-K9)) -> 39 | M9: =IF(J9<=0,"Paid",IF(L9=0,"Current",IF(L9<=30,"1-30 Days",IF(L9<=60,"31-60 Days",IF(L9<=90,"61-90 Days","90+ Days"))))) -> 31-60 Days | N9: Not on Plan
A10: STU1008 | B10: Matthew Walker | C10: Nursing | D10: Summer 2026 | E10: 2026 | F10: 45901 | G10: 46210 | H10: 5307 | I10: 713.76 | J10: =H10-I10 -> 4593.24 | K10: 46177 | L10: =IF(J10<=0,0,MAX(0,$O$3-K10)) -> 39 | M10: =IF(J10<=0,"Paid",IF(L10=0,"Current",IF(L10<=30,"1-30 Days",IF(L10<=60,"31-60 Days",IF(L10<=90,"61-90 Days","90+ Days"))))) -> 31-60 Days | N10: On Plan
A11: STU1275 | B11: Samantha Taylor | C11: Nursing | D11: Summer 2026 | E11: 2026 | F11: 46181 | G11: 46210 | H11: 4576 | I11: 16.47 | J11: =H11-I11 -> 4559.53 | K11: 46177 | L11: =IF(J11<=0,0,MAX(0,$O$3-K11)) -> 39 | M11: =IF(J11<=0,"Paid",IF(L11=0,"Current",IF(L11<=30,"1-30 Days",IF(L11<=60,"31-60 Days",IF(L11<=90,"61-90 Days","90+ Days"))))) -> 31-60 Days | N11: On Plan
A12: STU1234 | B12: Sarah Lee | C12: Information Technology | D12: Summer 2026 | E12: 2026 | F12: 45907 | G12: 46210 | H12: 4635 | I12: 100.05 | J12: =H12-I12 -> 4534.95 | K12: 46177 | L12: =IF(J12<=0,0,MAX(0,$O$3-K12)) -> 39 | M12: =IF(J12<=0,"Paid",IF(L12=0,"Current",IF(L12<=30,"1-30 Days",IF(L12<=60,"31-60 Days",IF(L12<=90,"61-90 Days","90+ Days"))))) -> 31-60 Days | N12: Not on Plan
A13: STU1006 | B13: Maria Martinez | C13: Nursing | D13: Summer 2026 | E13: 2026 | F13: 46167 | G13: 46210 | H13: 4802 | I13: 305.56 | J13: =H13-I13 -> 4496.44 | K13: 46177 | L13: =IF(J13<=0,0,MAX(0,$O$3-K13)) -> 39 | M13: =IF(J13<=0,"Paid",IF(L13=0,"Current",IF(L13<=30,"1-30 Days",IF(L13<=60,"31-60 Days",IF(L13<=90,"61-90 Days","90+ Days"))))) -> 31-60 Days | N13: On Plan
A14: STU1266 | B14: Nicole Thompson | C14: Information Technology | D14: Summer 2026 | E14: 2026 | F14: 46042 | G14: 46210 | H14: 4741 | I14: 260.17 | J14: =H14-I14 -> 4480.83 | K14: 46177 | L14: =IF(J14<=0,0,MAX(0,$O$3-K14)) -> 39 | M14: =IF(J14<=0,"Paid",IF(L14=0,"Current",IF(L14<=30,"1-30 Days",IF(L14<=60,"31-60 Days",IF(L14<=90,"61-90 Days","90+ Days"))))) -> 31-60 Days | N14: Not on Plan
A15: STU1172 | B15: Kayla Thomas | C15: Nursing | D15: Summer 2026 | E15: 2026 | F15: 46175 | G15: 46210 | H15: 5400 | I15: 920.41 | J15: =H15-I15 -> 4479.59 | K15: 46177 | L15: =IF(J15<=0,0,MAX(0,$O$3-K15)) -> 39 | M15: =IF(J15<=0,"Paid",IF(L15=0,"Current",IF(L15<=30,"1-30 Days",IF(L15<=60,"31-60 Days",IF(L15<=90,"61-90 Days","90+ Days"))))) -> 31-60 Days | N15: Not on Plan
... A185: STU1032 | B185: Eric Moore | C185: Business Administration | D185: Summer 2026 | E185: 2026 | F185: 45881 | G185: 46210 | H185: 4077 | I185: 4077 | J185: =H185-I185 -> 0 | K185: 46210 | L185: =IF(J185<=0,0,MAX(0,$O$3-K185)) -> 0 | M185: =IF(J185<=0,"Paid",IF(L185=0,"Current",IF(L185<=30,"1-30 Days",IF(L185<=60,"31-60 Days",IF(L185<=90,"61-90 Days","90+ Days"))))) -> Paid | N185: Not on Plan
A186: STU1034 | B186: Ashley Brown | C186: Nursing | D186: Summer 2026 | E186: 2026 | F186: 46154 | G186: 46210 | H186: 5290 | I186: 5290 | J186: 3000 | K186: 46210 | L186: =IF(J186<=0,0,MAX(0,$O$3-K186)) -> 6 | M186: =IF(J186<=0,"Paid",IF(L186=0,"Current",IF(L186<=30,"1-30 Days",IF(L186<=60,"31-60 Days",IF(L186<=90,"61-90 Days","90+ Days"))))) -> 1-30 Days | N186: Not on Plan
A187: STU1037 | B187: Maria Garcia | C187: Criminal Justice | D187: Summer 2026 | E187: 2026 | F187: 46156 | G187: 46210 | H187: 3993 | I187: 3993 | J187: =H187-I187 -> 0 | K187: 46210 | L187: =IF(J187<=0,0,MAX(0,$O$3-K187)) -> 0 | M187: =IF(J187<=0,"Paid",IF(L187=0,"Current",IF(L187<=30,"1-30 Days",IF(L187<=60,"31-60 Days",IF(L187<=90,"61-90 Days","90+ Days"))))) -> Paid | N187: Not on Plan
A188: STU1039 | B188: Justin Wilson | C188: Nursing | D188: Summer 2026 | E188: 2026 | F188: 45904 | G188: 46210 | H188: 5100 | I188: 5100 | J188: =H188-I188 -> 0 | K188: 46210 | L188: =IF(J188<=0,0,MAX(0,$O$3-K188)) -> 0 | M188: =IF(J188<=0,"Paid",IF(L188=0,"Current",IF(L188<=30,"1-30 Days",IF(L188<=60,"31-60 Days",IF(L188<=90,"61-90 Days","90+ Days"))))) -> Paid | N188: Not on Plan
A189: STU1042 | B189: Joshua Hernandez | C189: Information Technology | D189: Summer 2026 | E189: 2026 | F189: 46053 | G189: 46210 | H189: 4649 | I189: 4649 | J189: =H189-I189 -> 0 | K189: 46210 | L189: =IF(J189<=0,0,MAX(0,$O$3-K189)) -> 0 | M189: =IF(J189<=0,"Paid",IF(L189=0,"Current",IF(L189<=30,"1-30 Days",IF(L189<=60,"31-60 Days",IF(L189<=90,"61-90 Days","90+ Days"))))) -> Paid | N189: Not on Plan
A190: STU1043 | B190: Kevin Robinson | C190: Nursing | D190: Summer 2026 | E190: 2026 | F190: 45914 | G190: 46210 | H190: 4627 | I190: 4627 | J190: =H190-I190 -> 0 | K190: 46210 | L190: =IF(J190<=0,0,MAX(0,$O$3-K190)) -> 0 | M190: =IF(J190<=0,"Paid",IF(L190=0,"Current",IF(L190<=30,"1-30 Days",IF(L190<=60,"31-60 Days",IF(L190<=90,"61-90 Days","90+ Days"))))) -> Paid | N190: On Plan
A191: STU1044 | B191: Daniel Anderson | C191: Information Technology | D191: Summer 2026 | E191: 2026 | F191: 45888 | G191: 46210 | H191: 4444 | I191: 4444 | J191: =H191-I191 -> 0 | K191: 46210 | L191: =IF(J191<=0,0,MAX(0,$O$3-K191)) -> 0 | M191: =IF(J191<=0,"Paid",IF(L191=0,"Current",IF(L191<=30,"1-30 Days",IF(L191<=60,"31-60 Days",IF(L191<=90,"61-90 Days","90+ Days"))))) -> Paid | N191: On Plan
A192: STU1046 | B192: Daniel Lopez | C192: Criminal Justice | D192: Summer 2026 | E192: 2026 | F192: 46178 | G192: 46210 | H192: 4133 | I192: 4133 | J192: =H192-I192 -> 0 | K192: 46210 | L192: =IF(J192<=0,0,MAX(0,$O$3-K192)) -> 0 | M192: =IF(J192<=0,"Paid",IF(L192=0,"Current",IF(L192<=30,"1-30 Days",IF(L192<=60,"31-60 Days",IF(L192<=90,"61-90 Days","90+ Days"))))) -> Paid | N192: Not on Plan
A193: STU1051 | B193: Maria Rodriguez | C193: Nursing | D193: Summer 2026 | E193: 2026 | F193: 46055 | G193: 46210 | H193: 5289 | I193: 5289 | J193: =H193-I193 -> 0 | K193: 46210 | L193: =IF(J193<=0,0,MAX(0,$O$3-K193)) -> 0 | M193: =IF(J193<=0,"Paid",IF(L193=0,"Current",IF(L193<=30,"1-30 Days",IF(L193<=60,"31-60 Days",IF(L193<=90,"61-90 Days","90+ Days"))))) -> Paid | N193: Not on Plan
A194: STU1053 | B194: Samantha Williams | C194: Business Administration | D194: Summer 2026 | E194: 2026 | F194: 46180 | G194: 46210 | H194: 3976 | I194: 3976 | J194: =H194-I194 -> 0 | K194: 46210 | L194: =IF(J194<=0,0,MAX(0,$O$3-K194)) -> 0 | M194: =IF(J194<=0,"Paid",IF(L194=0,"Current",IF(L194<=30,"1-30 Days",IF(L194<=60,"31-60 Days",IF(L194<=90,"61-90 Days","90+ Days"))))) -> Paid | N194: Not on Plan
A195: STU1055 | B195: Kevin Thompson | C195: Business Administration | D195: Summer 2026 | E195: 2026 | F195: 46020 | G195: 46210 | H195: 4164 | I195: 4164 | J195: =H195-I195 -> 0 | K195: 46210 | L195: =IF(J195<=0,0,MAX(0,$O$3-K195)) -> 0 | M195: =IF(J195<=0,"Paid",IF(L195=0,"Current",IF(L195<=30,"1-30 Days",IF(L195<=60,"31-60 Days",IF(L195<=90,"61-90 Days","90+ Days"))))) -> Paid | N195: Not on Plan
A196: STU1060 | B196: Daniel Moore | C196: Nursing | D196: Summer 2026 | E196: 2026 | F196: 46172 | G196: 46210 | H196: 5201 | I196: 5201 | J196: =H196-I196 -> 0 | K196: 46210 | L196: =IF(J196<=0,0,MAX(0,$O$3-K196)) -> 0 | M196: =IF(J196<=0,"Paid",IF(L196=0,"Current",IF(L196<=30,"1-30 Days",IF(L196<=60,"31-60 Days",IF(L196<=90,"61-90 Days","90+ Days"))))) -> Paid | N196: Not on Plan
A197: STU1067 | B197: Kevin White | C197: Criminal Justice | D197: Summer 2026 | E197: 2026 | F197: 46165 | G197: 46210 | H197: 4176 | I197: 4176 | J197: =H197-I197 -> 0 | K197: 46210 | L197: =IF(J197<=0,0,MAX(0,$O$3-K197)) -> 0 | M197: =IF(J197<=0,"Paid",IF(L197=0,"Current",IF(L197<=30,"1-30 Days",IF(L197<=60,"31-60 Days",IF(L197<=90,"61-90 Days","90+ Days"))))) -> Paid | N197: On Plan
A198: STU1070 | B198: Samantha Brown | C198: Information Technology | D198: Summer 2026 | E198: 2026 | F198: 46168 | G198: 46210 | H198: 4416 | I198: 4416 | J198: =H198-I198 -> 0 | K198: 46210 | L198: =IF(J198<=0,0,MAX(0,$O$3-K198)) -> 0 | M198: =IF(J198<=0,"Paid",IF(L198=0,"Current",IF(L198<=30,"1-30 Days",IF(L198<=60,"31-60 Days",IF(L198<=90,"61-90 Days","90+ Days"))))) -> Paid | N198: On Plan
... A281: STU1278 | B281: Hannah Thompson | C281: Criminal Justice | D281: Summer 2026 | E281: 2026 | F281: 46163 | G281: 46210 | H281: 4322 | I281: 4322 | J281: =H281-I281 -> 0 | K281: 46210 | L281: =IF(J281<=0,0,MAX(0,$O$3-K281)) -> 0 | M281: =IF(J281<=0,"Paid",IF(L281=0,"Current",IF(L281<=30,"1-30 Days",IF(L281<=60,"31-60 Days",IF(L281<=90,"61-90 Days","90+ Days"))))) -> Paid | N281: Not on Plan

Sheet Pivot - AR Analysis
A1: Pivot: Outstanding Balance by Aging Bucket and Program
A2: Tip: Insert slicers via PivotTable Analyze > Insert Slicer (Program)
B8: Column Labels
B9: Business Administration | D9: Criminal Justice | F9: Information Technology | H9: Liberal Arts | J9: Nursing | L9: Total Sum of Balance | M9: Total Count of Accounts
A10: Row Labels | B10: Sum of Balance | C10: Count of Accounts | D10: Sum of Balance | E10: Count of Accounts | F10: Sum of Balance | G10: Count of Accounts | H10: Sum of Balance | I10: Count of Accounts | J10: Sum of Balance | K10: Count of Accounts
A11: 31-60 Days | B11: 4382.02 | C11: 1 | F11: 17741.46 | G11: 4 | J11: 60902.64 | K11: 13 | L11: 83026.12 | M11: 18
A12: 61-90 Days | B12: 90631.04 | C12: 35 | D12: 116059.98 | E12: 41 | F12: 96073.42 | G12: 34 | H12: 65621.42 | I12: 26 | J12: 53553.33 | K12: 19 | L12: 421939.19 | M12: 155
A13: Paid | B13: 0 | C13: 32 | D13: 0 | E13: 24 | F13: 0 | G13: 12 | H13: 0 | I13: 16 | J13: 0 | K13: 23 | L13: 0 | M13: 107
A14: Grand Total | B14: 95013.06 | C14: 68 | D14: 116059.98 | E14: 65 | F14: 113814.88 | G14: 50 | H14: 65621.42 | I14: 42 | J14: 114455.97 | K14: 55 | L14: 504965.31 | M14: 280
A30: © 2026 Sokova Elza | Synthetic data | Portfolio use only
